unique_id,ds,yhat,level
SUBSEG__SSI02710,43,1095.447021484375,Subsegment
SUBSEG__SSI02710,44,-3039.35888671875,Subsegment
SUBSEG__SSI02710,45,1095.447021484375,Subsegment
SUBSEG__SSI02710,46,2042.81689453125,Subsegment
SUBSEG__SSI02710,47,403.1407470703125,Subsegment
SUBSEG__SSI02710,48,-3530.07470703125,Subsegment
SUBSEG__SSI0271002,43,1036171.625,Subsegment
SUBSEG__SSI0271002,44,1099500.5,Subsegment
SUBSEG__SSI0271002,45,2025433.125,Subsegment
SUBSEG__SSI0271002,46,1699945.25,Subsegment
SUBSEG__SSI0271002,47,2025433.125,Subsegment
SUBSEG__SSI0271002,48,2025433.125,Subsegment
SUBSEG__SSI0271006,43,-37.48505401611328,Subsegment
SUBSEG__SSI0271006,44,-32.0098762512207,Subsegment
SUBSEG__SSI0271006,45,-32.0098762512207,Subsegment
SUBSEG__SSI0271006,46,-32.0098762512207,Subsegment
SUBSEG__SSI0271006,47,-32.0098762512207,Subsegment
SUBSEG__SSI0271006,48,-32.0098762512207,Subsegment
SUBSEG__SSI0271099,43,5243.99658203125,Subsegment
SUBSEG__SSI0271099,44,9643.310546875,Subsegment
SUBSEG__SSI0271099,45,9643.310546875,Subsegment
SUBSEG__SSI0271099,46,6152.96923828125,Subsegment
SUBSEG__SSI0271099,47,6152.96923828125,Subsegment
SUBSEG__SSI0271099,48,6152.96923828125,Subsegment
SUBSEG__SSI02780,43,1.5793603658676147,Subsegment
SUBSEG__SSI02780,44,1.5793603658676147,Subsegment
SUBSEG__SSI02780,45,1.5793603658676147,Subsegment
SUBSEG__SSI02780,46,1.5793603658676147,Subsegment
SUBSEG__SSI02780,47,1.5793603658676147,Subsegment
SUBSEG__SSI02780,48,1.5793603658676147,Subsegment
SUBSEG__SSI0278002,43,218856304.0,Subsegment
SUBSEG__SSI0278002,44,212645120.0,Subsegment
SUBSEG__SSI0278002,45,213108560.0,Subsegment
SUBSEG__SSI0278002,46,226998656.0,Subsegment
SUBSEG__SSI0278002,47,222324256.0,Subsegment
SUBSEG__SSI0278002,48,221041040.0,Subsegment
SUBSEG__SSI0278004,43,129835624.0,Subsegment
SUBSEG__SSI0278004,44,128189064.0,Subsegment
SUBSEG__SSI0278004,45,128189064.0,Subsegment
SUBSEG__SSI0278004,46,129835624.0,Subsegment
SUBSEG__SSI0278004,47,129835624.0,Subsegment
SUBSEG__SSI0278004,48,130810712.0,Subsegment
SUBSEG__SSI0278006,43,5109368.5,Subsegment
SUBSEG__SSI0278006,44,4545474.5,Subsegment
SUBSEG__SSI0278006,45,4262621.5,Subsegment
SUBSEG__SSI0278006,46,4419858.0,Subsegment
SUBSEG__SSI0278006,47,4419858.0,Subsegment
SUBSEG__SSI0278006,48,4419858.0,Subsegment
SUBSEG__SSI0278099,43,1105833.125,Subsegment
SUBSEG__SSI0278099,44,1165772.125,Subsegment
SUBSEG__SSI0278099,45,1549289.25,Subsegment
SUBSEG__SSI0278099,46,1513697.375,Subsegment
SUBSEG__SSI0278099,47,1226830.375,Subsegment
SUBSEG__SSI0278099,48,1358675.0,Subsegment
SUBSEG__SSI02782,43,968419.8125,Subsegment
SUBSEG__SSI02782,44,953917.9375,Subsegment
SUBSEG__SSI02782,45,205783.28125,Subsegment
SUBSEG__SSI02782,46,518017.15625,Subsegment
SUBSEG__SSI02782,47,609623.75,Subsegment
SUBSEG__SSI02782,48,435910.5625,Subsegment
SUBSEG__SSI0278202,43,162640624.0,Subsegment
SUBSEG__SSI0278202,44,157679936.0,Subsegment
SUBSEG__SSI0278202,45,173501248.0,Subsegment
SUBSEG__SSI0278202,46,178371760.0,Subsegment
SUBSEG__SSI0278202,47,166543056.0,Subsegment
SUBSEG__SSI0278202,48,196581072.0,Subsegment
SUBSEG__SSI0278204,43,93496432.0,Subsegment
SUBSEG__SSI0278204,44,97731128.0,Subsegment
SUBSEG__SSI0278204,45,130773664.0,Subsegment
SUBSEG__SSI0278204,46,94521488.0,Subsegment
SUBSEG__SSI0278204,47,97705392.0,Subsegment
SUBSEG__SSI0278204,48,130616016.0,Subsegment
SUBSEG__SSI0278206,43,55050656.0,Subsegment
SUBSEG__SSI0278206,44,57348672.0,Subsegment
SUBSEG__SSI0278206,45,61278180.0,Subsegment
SUBSEG__SSI0278206,46,57285228.0,Subsegment
SUBSEG__SSI0278206,47,55397072.0,Subsegment
SUBSEG__SSI0278206,48,56524352.0,Subsegment
SUBSEG__SSI0278208,43,30533838.0,Subsegment
SUBSEG__SSI0278208,44,30533838.0,Subsegment
SUBSEG__SSI0278208,45,30686960.0,Subsegment
SUBSEG__SSI0278208,46,30729300.0,Subsegment
SUBSEG__SSI0278208,47,30729300.0,Subsegment
SUBSEG__SSI0278208,48,30729300.0,Subsegment
SUBSEG__SSI0278210,43,2442923.0,Subsegment
SUBSEG__SSI0278210,44,2442923.0,Subsegment
SUBSEG__SSI0278210,45,2442923.0,Subsegment
SUBSEG__SSI0278210,46,2442923.0,Subsegment
SUBSEG__SSI0278210,47,2442923.0,Subsegment
SUBSEG__SSI0278210,48,2442923.0,Subsegment
SUBSEG__SSI0278212,43,1564379.125,Subsegment
SUBSEG__SSI0278212,44,1564379.125,Subsegment
SUBSEG__SSI0278212,45,1564379.125,Subsegment
SUBSEG__SSI0278212,46,1564379.125,Subsegment
SUBSEG__SSI0278212,47,1564379.125,Subsegment
SUBSEG__SSI0278212,48,1564379.125,Subsegment
SUBSEG__SSI0278214,43,643062.6875,Subsegment
SUBSEG__SSI0278214,44,374770.71875,Subsegment
SUBSEG__SSI0278214,45,584959.6875,Subsegment
SUBSEG__SSI0278214,46,581705.25,Subsegment
SUBSEG__SSI0278214,47,360506.59375,Subsegment
SUBSEG__SSI0278214,48,578831.3125,Subsegment
SUBSEG__SSI0278216,43,758.522705078125,Subsegment
SUBSEG__SSI0278216,44,336.3684387207031,Subsegment
SUBSEG__SSI0278216,45,336.3684387207031,Subsegment
SUBSEG__SSI0278216,46,758.522705078125,Subsegment
SUBSEG__SSI0278216,47,758.522705078125,Subsegment
SUBSEG__SSI0278216,48,758.522705078125,Subsegment
SUBSEG__SSI0278291,43,431916.0625,Subsegment
SUBSEG__SSI0278291,44,431916.0625,Subsegment
SUBSEG__SSI0278291,45,431916.0625,Subsegment
SUBSEG__SSI0278291,46,431916.0625,Subsegment
SUBSEG__SSI0278291,47,431916.0625,Subsegment
SUBSEG__SSI0278291,48,431916.0625,Subsegment
SUBSEG__SSI02784,43,16131.6259765625,Subsegment
SUBSEG__SSI02784,44,16131.6259765625,Subsegment
SUBSEG__SSI02784,45,16131.6259765625,Subsegment
SUBSEG__SSI02784,46,16131.6259765625,Subsegment
SUBSEG__SSI02784,47,16131.6259765625,Subsegment
SUBSEG__SSI02784,48,16131.6259765625,Subsegment
SUBSEG__SSI0278402,43,22712994.0,Subsegment
SUBSEG__SSI0278402,44,23020698.0,Subsegment
SUBSEG__SSI0278402,45,26351218.0,Subsegment
SUBSEG__SSI0278402,46,22787996.0,Subsegment
SUBSEG__SSI0278402,47,23136302.0,Subsegment
SUBSEG__SSI0278402,48,24395122.0,Subsegment
SUBSEG__SSI0278404,43,25767436.0,Subsegment
SUBSEG__SSI0278404,44,26407756.0,Subsegment
SUBSEG__SSI0278404,45,27995132.0,Subsegment
SUBSEG__SSI0278404,46,25443222.0,Subsegment
SUBSEG__SSI0278404,47,25443596.0,Subsegment
SUBSEG__SSI0278404,48,27954698.0,Subsegment
SUBSEG__SSI0278406,43,12072969.0,Subsegment
SUBSEG__SSI0278406,44,12130701.0,Subsegment
SUBSEG__SSI0278406,45,12522271.0,Subsegment
SUBSEG__SSI0278406,46,12522271.0,Subsegment
SUBSEG__SSI0278406,47,12139142.0,Subsegment
SUBSEG__SSI0278406,48,12522271.0,Subsegment
SUBSEG__SSI0278408,43,68286424.0,Subsegment
SUBSEG__SSI0278408,44,68102160.0,Subsegment
SUBSEG__SSI0278408,45,70446520.0,Subsegment
SUBSEG__SSI0278408,46,68807280.0,Subsegment
SUBSEG__SSI0278408,47,68803968.0,Subsegment
SUBSEG__SSI0278408,48,68718240.0,Subsegment
SUBSEG__SSI0278410,43,14737262.0,Subsegment
SUBSEG__SSI0278410,44,13906822.0,Subsegment
SUBSEG__SSI0278410,45,13294552.0,Subsegment
SUBSEG__SSI0278410,46,13519687.0,Subsegment
SUBSEG__SSI0278410,47,15081928.0,Subsegment
SUBSEG__SSI0278410,48,14893661.0,Subsegment
SUBSEG__SSI0278412,43,1003350.25,Subsegment
SUBSEG__SSI0278412,44,1096312.0,Subsegment
SUBSEG__SSI0278412,45,1119803.875,Subsegment
SUBSEG__SSI0278412,46,1125552.25,Subsegment
SUBSEG__SSI0278412,47,1125552.25,Subsegment
SUBSEG__SSI0278412,48,1119803.875,Subsegment
SUBSEG__SSI0278414,43,258262.265625,Subsegment
SUBSEG__SSI0278414,44,260070.15625,Subsegment
SUBSEG__SSI0278414,45,271052.625,Subsegment
SUBSEG__SSI0278414,46,258262.265625,Subsegment
SUBSEG__SSI0278414,47,258262.265625,Subsegment
SUBSEG__SSI0278414,48,258262.265625,Subsegment
SUBSEG__SSI0278416,43,1767700.5,Subsegment
SUBSEG__SSI0278416,44,2325937.75,Subsegment
SUBSEG__SSI0278416,45,2320327.0,Subsegment
SUBSEG__SSI0278416,46,2320327.0,Subsegment
SUBSEG__SSI0278416,47,2320327.0,Subsegment
SUBSEG__SSI0278416,48,2320327.0,Subsegment
SUBSEG__SSI0278418,43,56548.71875,Subsegment
SUBSEG__SSI0278418,44,77778.765625,Subsegment
SUBSEG__SSI0278418,45,77778.765625,Subsegment
SUBSEG__SSI0278418,46,77778.765625,Subsegment
SUBSEG__SSI0278418,47,77778.765625,Subsegment
SUBSEG__SSI0278418,48,77778.765625,Subsegment
SUBSEG__SSI0278420,43,76938136.0,Subsegment
SUBSEG__SSI0278420,44,77607072.0,Subsegment
SUBSEG__SSI0278420,45,82107576.0,Subsegment
SUBSEG__SSI0278420,46,77550448.0,Subsegment
SUBSEG__SSI0278420,47,78267488.0,Subsegment
SUBSEG__SSI0278420,48,81945216.0,Subsegment
SUBSEG__SSI0278422,43,31154690.0,Subsegment
SUBSEG__SSI0278422,44,32778448.0,Subsegment
SUBSEG__SSI0278422,45,34830428.0,Subsegment
SUBSEG__SSI0278422,46,29785828.0,Subsegment
SUBSEG__SSI0278422,47,32342198.0,Subsegment
SUBSEG__SSI0278422,48,34830428.0,Subsegment
SUBSEG__SSI0278424,43,11241147.0,Subsegment
SUBSEG__SSI0278424,44,11241147.0,Subsegment
SUBSEG__SSI0278424,45,11241147.0,Subsegment
SUBSEG__SSI0278424,46,11241147.0,Subsegment
SUBSEG__SSI0278424,47,11241147.0,Subsegment
SUBSEG__SSI0278424,48,11241147.0,Subsegment
SUBSEG__SSI0278426,43,24632276.0,Subsegment
SUBSEG__SSI0278426,44,24687454.0,Subsegment
SUBSEG__SSI0278426,45,24722692.0,Subsegment
SUBSEG__SSI0278426,46,24727966.0,Subsegment
SUBSEG__SSI0278426,47,24705760.0,Subsegment
SUBSEG__SSI0278426,48,24722692.0,Subsegment
SUBSEG__SSI0278428,43,79206832.0,Subsegment
SUBSEG__SSI0278428,44,87064944.0,Subsegment
SUBSEG__SSI0278428,45,95110384.0,Subsegment
SUBSEG__SSI0278428,46,82020040.0,Subsegment
SUBSEG__SSI0278428,47,93558032.0,Subsegment
SUBSEG__SSI0278428,48,95065704.0,Subsegment
SUBSEG__SSI0278430,43,18899358.0,Subsegment
SUBSEG__SSI0278430,44,20514042.0,Subsegment
SUBSEG__SSI0278430,45,20974904.0,Subsegment
SUBSEG__SSI0278430,46,20539692.0,Subsegment
SUBSEG__SSI0278430,47,20790620.0,Subsegment
SUBSEG__SSI0278430,48,20315928.0,Subsegment
SUBSEG__SSI0278432,43,2682251.75,Subsegment
SUBSEG__SSI0278432,44,2738168.75,Subsegment
SUBSEG__SSI0278432,45,2689731.25,Subsegment
SUBSEG__SSI0278432,46,2706320.5,Subsegment
SUBSEG__SSI0278432,47,2702388.5,Subsegment
SUBSEG__SSI0278432,48,2702388.5,Subsegment
SUBSEG__SSI0278434,43,662025.5,Subsegment
SUBSEG__SSI0278434,44,666281.0625,Subsegment
SUBSEG__SSI0278434,45,586686.9375,Subsegment
SUBSEG__SSI0278434,46,635691.125,Subsegment
SUBSEG__SSI0278434,47,625980.25,Subsegment
SUBSEG__SSI0278434,48,663524.9375,Subsegment
SUBSEG__SSI0278436,43,1499951.75,Subsegment
SUBSEG__SSI0278436,44,1499951.75,Subsegment
SUBSEG__SSI0278436,45,1499951.75,Subsegment
SUBSEG__SSI0278436,46,1499951.75,Subsegment
SUBSEG__SSI0278436,47,1499951.75,Subsegment
SUBSEG__SSI0278436,48,1499951.75,Subsegment
SUBSEG__SSI0278438,43,97.0185317993164,Subsegment
SUBSEG__SSI0278438,44,97.0185317993164,Subsegment
SUBSEG__SSI0278438,45,97.0185317993164,Subsegment
SUBSEG__SSI0278438,46,97.0185317993164,Subsegment
SUBSEG__SSI0278438,47,97.0185317993164,Subsegment
SUBSEG__SSI0278438,48,97.0185317993164,Subsegment
SUBSEG__SSI0278440,43,18403876.0,Subsegment
SUBSEG__SSI0278440,44,17990860.0,Subsegment
SUBSEG__SSI0278440,45,20536294.0,Subsegment
SUBSEG__SSI0278440,46,18333482.0,Subsegment
SUBSEG__SSI0278440,47,18317884.0,Subsegment
SUBSEG__SSI0278440,48,20193302.0,Subsegment
SUBSEG__SSI0278442,43,11342627.0,Subsegment
SUBSEG__SSI0278442,44,11406716.0,Subsegment
SUBSEG__SSI0278442,45,11406716.0,Subsegment
SUBSEG__SSI0278442,46,11406716.0,Subsegment
SUBSEG__SSI0278442,47,11406716.0,Subsegment
SUBSEG__SSI0278442,48,11406716.0,Subsegment
SUBSEG__SSI0278444,43,1728112.25,Subsegment
SUBSEG__SSI0278444,44,1773353.0,Subsegment
SUBSEG__SSI0278444,45,1754661.875,Subsegment
SUBSEG__SSI0278444,46,1778689.25,Subsegment
SUBSEG__SSI0278444,47,1778704.625,Subsegment
SUBSEG__SSI0278444,48,1759163.75,Subsegment
SUBSEG__SSI0278446,43,23490724.0,Subsegment
SUBSEG__SSI0278446,44,27948334.0,Subsegment
SUBSEG__SSI0278446,45,29960906.0,Subsegment
SUBSEG__SSI0278446,46,25047448.0,Subsegment
SUBSEG__SSI0278446,47,32374814.0,Subsegment
SUBSEG__SSI0278446,48,30676528.0,Subsegment
SUBSEG__SSI0278448,43,4209271.0,Subsegment
SUBSEG__SSI0278448,44,4138031.75,Subsegment
SUBSEG__SSI0278448,45,4356944.5,Subsegment
SUBSEG__SSI0278448,46,4171596.5,Subsegment
SUBSEG__SSI0278448,47,4353991.5,Subsegment
SUBSEG__SSI0278448,48,4091399.0,Subsegment
SUBSEG__SSI0278450,43,318203.21875,Subsegment
SUBSEG__SSI0278450,44,313341.46875,Subsegment
SUBSEG__SSI0278450,45,317940.0,Subsegment
SUBSEG__SSI0278450,46,346648.96875,Subsegment
SUBSEG__SSI0278450,47,346616.03125,Subsegment
SUBSEG__SSI0278450,48,344293.0,Subsegment
SUBSEG__SSI0278452,43,8879500.0,Subsegment
SUBSEG__SSI0278452,44,8774309.0,Subsegment
SUBSEG__SSI0278452,45,8828247.0,Subsegment
SUBSEG__SSI0278452,46,8823056.0,Subsegment
SUBSEG__SSI0278452,47,8825562.0,Subsegment
SUBSEG__SSI0278452,48,8823056.0,Subsegment
SUBSEG__SSI0278454,43,79731.7421875,Subsegment
SUBSEG__SSI0278454,44,79731.7421875,Subsegment
SUBSEG__SSI0278454,45,79731.7421875,Subsegment
SUBSEG__SSI0278454,46,79731.7421875,Subsegment
SUBSEG__SSI0278454,47,79731.7421875,Subsegment
SUBSEG__SSI0278454,48,79731.7421875,Subsegment
SUBSEG__SSI0278456,43,644.59716796875,Subsegment
SUBSEG__SSI0278456,44,644.59716796875,Subsegment
SUBSEG__SSI0278456,45,644.59716796875,Subsegment
SUBSEG__SSI0278456,46,644.59716796875,Subsegment
SUBSEG__SSI0278456,47,644.59716796875,Subsegment
SUBSEG__SSI0278456,48,644.59716796875,Subsegment
SUBSEG__SSI0278458,43,1090135.375,Subsegment
SUBSEG__SSI0278458,44,1234538.375,Subsegment
SUBSEG__SSI0278458,45,1644575.875,Subsegment
SUBSEG__SSI0278458,46,1377868.75,Subsegment
SUBSEG__SSI0278458,47,1256533.75,Subsegment
SUBSEG__SSI0278458,48,1631893.5,Subsegment
SUBSEG__SSI0278460,43,65100.5,Subsegment
SUBSEG__SSI0278460,44,323053.8125,Subsegment
SUBSEG__SSI0278460,45,420165.3125,Subsegment
SUBSEG__SSI0278460,46,53526.5703125,Subsegment
SUBSEG__SSI0278460,47,68757.6640625,Subsegment
SUBSEG__SSI0278460,48,120125.921875,Subsegment
SUBSEG__SSI0278462,43,8348177.5,Subsegment
SUBSEG__SSI0278462,44,8911992.0,Subsegment
SUBSEG__SSI0278462,45,9204942.0,Subsegment
SUBSEG__SSI0278462,46,9200055.0,Subsegment
SUBSEG__SSI0278462,47,9232952.0,Subsegment
SUBSEG__SSI0278462,48,9305039.0,Subsegment
SUBSEG__SSI0278464,43,732151.9375,Subsegment
SUBSEG__SSI0278464,44,491547.3125,Subsegment
SUBSEG__SSI0278464,45,724083.25,Subsegment
SUBSEG__SSI0278464,46,499890.71875,Subsegment
SUBSEG__SSI0278464,47,787688.25,Subsegment
SUBSEG__SSI0278464,48,600773.0,Subsegment
SUBSEG__SSI0278466,43,986812.3125,Subsegment
SUBSEG__SSI0278466,44,1053651.375,Subsegment
SUBSEG__SSI0278466,45,1052098.375,Subsegment
SUBSEG__SSI0278466,46,1052098.375,Subsegment
SUBSEG__SSI0278466,47,1052098.375,Subsegment
SUBSEG__SSI0278466,48,1052098.375,Subsegment
SUBSEG__SSI0278491,43,79628.4140625,Subsegment
SUBSEG__SSI0278491,44,79628.4140625,Subsegment
SUBSEG__SSI0278491,45,79628.4140625,Subsegment
SUBSEG__SSI0278491,46,79628.4140625,Subsegment
SUBSEG__SSI0278491,47,79628.4140625,Subsegment
SUBSEG__SSI0278491,48,79628.4140625,Subsegment
SUBSEG__SSI02786,43,8308.36328125,Subsegment
SUBSEG__SSI02786,44,-13331.828125,Subsegment
SUBSEG__SSI02786,45,948.5126342773438,Subsegment
SUBSEG__SSI02786,46,-10847.208984375,Subsegment
SUBSEG__SSI02786,47,948.5126342773438,Subsegment
SUBSEG__SSI02786,48,948.5126342773438,Subsegment
SUBSEG__SSI0278602,43,36860356.0,Subsegment
SUBSEG__SSI0278602,44,41965640.0,Subsegment
SUBSEG__SSI0278602,45,60423392.0,Subsegment
SUBSEG__SSI0278602,46,37102328.0,Subsegment
SUBSEG__SSI0278602,47,49375504.0,Subsegment
SUBSEG__SSI0278602,48,63738688.0,Subsegment
SUBSEG__SSI0278604,43,-2668.129150390625,Subsegment
SUBSEG__SSI0278604,44,-2668.129150390625,Subsegment
SUBSEG__SSI0278604,45,-2668.129150390625,Subsegment
SUBSEG__SSI0278604,46,-2668.129150390625,Subsegment
SUBSEG__SSI0278604,47,-2668.129150390625,Subsegment
SUBSEG__SSI0278604,48,-2668.129150390625,Subsegment
SUBSEG__SSI0278606,43,617912.75,Subsegment
SUBSEG__SSI0278606,44,504972.9375,Subsegment
SUBSEG__SSI0278606,45,596357.0,Subsegment
SUBSEG__SSI0278606,46,511695.40625,Subsegment
SUBSEG__SSI0278606,47,521115.21875,Subsegment
SUBSEG__SSI0278606,48,521115.21875,Subsegment
SUBSEG__SSI0278608,43,2331636.25,Subsegment
SUBSEG__SSI0278608,44,2318119.25,Subsegment
SUBSEG__SSI0278608,45,2410207.0,Subsegment
SUBSEG__SSI0278608,46,2297778.25,Subsegment
SUBSEG__SSI0278608,47,2207942.25,Subsegment
SUBSEG__SSI0278608,48,2305799.75,Subsegment
SUBSEG__SSI0278610,43,525090.875,Subsegment
SUBSEG__SSI0278610,44,527181.875,Subsegment
SUBSEG__SSI0278610,45,789917.375,Subsegment
SUBSEG__SSI0278610,46,455558.90625,Subsegment
SUBSEG__SSI0278610,47,528126.5,Subsegment
SUBSEG__SSI0278610,48,777654.0,Subsegment
SUBSEG__SSI0278612,43,17586660.0,Subsegment
SUBSEG__SSI0278612,44,17478692.0,Subsegment
SUBSEG__SSI0278612,45,19178340.0,Subsegment
SUBSEG__SSI0278612,46,19586096.0,Subsegment
SUBSEG__SSI0278612,47,19016858.0,Subsegment
SUBSEG__SSI0278612,48,20686654.0,Subsegment
SUBSEG__SSI0278614,43,13384625.0,Subsegment
SUBSEG__SSI0278614,44,13384625.0,Subsegment
SUBSEG__SSI0278614,45,13384625.0,Subsegment
SUBSEG__SSI0278614,46,13384625.0,Subsegment
SUBSEG__SSI0278614,47,13384625.0,Subsegment
SUBSEG__SSI0278614,48,13384625.0,Subsegment
SUBSEG__SSI0278616,43,1898101.5,Subsegment
SUBSEG__SSI0278616,44,1894276.625,Subsegment
SUBSEG__SSI0278616,45,1841788.75,Subsegment
SUBSEG__SSI0278616,46,2043195.25,Subsegment
SUBSEG__SSI0278616,47,1903345.0,Subsegment
SUBSEG__SSI0278616,48,1866471.625,Subsegment
SUBSEG__SSI0278618,43,3676641.5,Subsegment
SUBSEG__SSI0278618,44,3676641.5,Subsegment
SUBSEG__SSI0278618,45,3676641.5,Subsegment
SUBSEG__SSI0278618,46,3676641.5,Subsegment
SUBSEG__SSI0278618,47,3676641.5,Subsegment
SUBSEG__SSI0278618,48,3676641.5,Subsegment
SUBSEG__SSI0278620,43,4877717.0,Subsegment
SUBSEG__SSI0278620,44,5004394.5,Subsegment
SUBSEG__SSI0278620,45,4752863.0,Subsegment
SUBSEG__SSI0278620,46,4747577.5,Subsegment
SUBSEG__SSI0278620,47,5485713.5,Subsegment
SUBSEG__SSI0278620,48,4821350.5,Subsegment
SUBSEG__SSI0278622,43,2283764.0,Subsegment
SUBSEG__SSI0278622,44,2326494.5,Subsegment
SUBSEG__SSI0278622,45,2191561.0,Subsegment
SUBSEG__SSI0278622,46,2271801.5,Subsegment
SUBSEG__SSI0278622,47,2389602.75,Subsegment
SUBSEG__SSI0278622,48,2179430.0,Subsegment
SUBSEG__SSI0278624,43,0.0,Subsegment
SUBSEG__SSI0278624,44,0.0,Subsegment
SUBSEG__SSI0278624,45,0.0,Subsegment
SUBSEG__SSI0278624,46,0.0,Subsegment
SUBSEG__SSI0278624,47,0.0,Subsegment
SUBSEG__SSI0278624,48,0.0,Subsegment
SUBSEG__SSI0278626,43,5729332.0,Subsegment
SUBSEG__SSI0278626,44,5729332.0,Subsegment
SUBSEG__SSI0278626,45,5729332.0,Subsegment
SUBSEG__SSI0278626,46,5729332.0,Subsegment
SUBSEG__SSI0278626,47,5729332.0,Subsegment
SUBSEG__SSI0278626,48,5729332.0,Subsegment
SUBSEG__SSI0278630,43,25681.29296875,Subsegment
SUBSEG__SSI0278630,44,16130.16796875,Subsegment
SUBSEG__SSI0278630,45,33761.6015625,Subsegment
SUBSEG__SSI0278630,46,33761.6015625,Subsegment
SUBSEG__SSI0278630,47,16130.16796875,Subsegment
SUBSEG__SSI0278630,48,16130.16796875,Subsegment
SUBSEG__SSI0278691,43,523.2092895507812,Subsegment
SUBSEG__SSI0278691,44,523.2092895507812,Subsegment
SUBSEG__SSI0278691,45,1513.11865234375,Subsegment
SUBSEG__SSI0278691,46,1513.11865234375,Subsegment
SUBSEG__SSI0278691,47,1513.11865234375,Subsegment
SUBSEG__SSI0278691,48,1513.11865234375,Subsegment
SUBSEG__SSI02792,43,-3.904404640197754,Subsegment
SUBSEG__SSI02792,44,-3.904404640197754,Subsegment
SUBSEG__SSI02792,45,-3.904404640197754,Subsegment
SUBSEG__SSI02792,46,-3.904404640197754,Subsegment
SUBSEG__SSI02792,47,-3.904404640197754,Subsegment
SUBSEG__SSI02792,48,-3.904404640197754,Subsegment
SUBSEG__SSI02793,43,45209.671875,Subsegment
SUBSEG__SSI02793,44,45209.671875,Subsegment
SUBSEG__SSI02793,45,44993.02734375,Subsegment
SUBSEG__SSI02793,46,42242.8046875,Subsegment
SUBSEG__SSI02793,47,42242.8046875,Subsegment
SUBSEG__SSI02793,48,39558.34765625,Subsegment
SUBSEG__SSI02799,43,-110629.390625,Subsegment
SUBSEG__SSI02799,44,-110629.390625,Subsegment
SUBSEG__SSI02799,45,-110629.390625,Subsegment
SUBSEG__SSI02799,46,-110629.390625,Subsegment
SUBSEG__SSI02799,47,-110629.390625,Subsegment
SUBSEG__SSI02799,48,-110629.390625,Subsegment
SUBSEG__SSI0378115,43,52261480.0,Subsegment
SUBSEG__SSI0378115,44,60539096.0,Subsegment
SUBSEG__SSI0378115,45,65221244.0,Subsegment
SUBSEG__SSI0378115,46,64778704.0,Subsegment
SUBSEG__SSI0378115,47,65008072.0,Subsegment
SUBSEG__SSI0378115,48,65221244.0,Subsegment
SUBSEG__SSI0378125,43,13273884.0,Subsegment
SUBSEG__SSI0378125,44,13273884.0,Subsegment
SUBSEG__SSI0378125,45,13164627.0,Subsegment
SUBSEG__SSI0378125,46,13582161.0,Subsegment
SUBSEG__SSI0378125,47,13582161.0,Subsegment
SUBSEG__SSI0378125,48,13582161.0,Subsegment
SUBSEG__SSI0378135,43,18844898.0,Subsegment
SUBSEG__SSI0378135,44,18896866.0,Subsegment
SUBSEG__SSI0378135,45,18149388.0,Subsegment
SUBSEG__SSI0378135,46,18296824.0,Subsegment
SUBSEG__SSI0378135,47,18130804.0,Subsegment
SUBSEG__SSI0378135,48,18235628.0,Subsegment
SUBSEG__SSI0378140,43,12241237.0,Subsegment
SUBSEG__SSI0378140,44,11788999.0,Subsegment
SUBSEG__SSI0378140,45,12205392.0,Subsegment
SUBSEG__SSI0378140,46,13101430.0,Subsegment
SUBSEG__SSI0378140,47,13254283.0,Subsegment
SUBSEG__SSI0378140,48,12752962.0,Subsegment
SUBSEG__SSI0378145,43,22450134.0,Subsegment
SUBSEG__SSI0378145,44,23096786.0,Subsegment
SUBSEG__SSI0378145,45,22287636.0,Subsegment
SUBSEG__SSI0378145,46,23888250.0,Subsegment
SUBSEG__SSI0378145,47,23528518.0,Subsegment
SUBSEG__SSI0378145,48,24212180.0,Subsegment
SUBSEG__SSI0378150,43,32876504.0,Subsegment
SUBSEG__SSI0378150,44,32932778.0,Subsegment
SUBSEG__SSI0378150,45,37775876.0,Subsegment
SUBSEG__SSI0378150,46,40362620.0,Subsegment
SUBSEG__SSI0378150,47,40099320.0,Subsegment
SUBSEG__SSI0378150,48,37477668.0,Subsegment
SUBSEG__SSI0378170,43,69747480.0,Subsegment
SUBSEG__SSI0378170,44,70957104.0,Subsegment
SUBSEG__SSI0378170,45,69257608.0,Subsegment
SUBSEG__SSI0378170,46,68880112.0,Subsegment
SUBSEG__SSI0378170,47,69942960.0,Subsegment
SUBSEG__SSI0378170,48,68831192.0,Subsegment
SUBSEG__SSI0378180,43,76553480.0,Subsegment
SUBSEG__SSI0378180,44,80051976.0,Subsegment
SUBSEG__SSI0378180,45,76440592.0,Subsegment
SUBSEG__SSI0378180,46,80051976.0,Subsegment
SUBSEG__SSI0378180,47,77883712.0,Subsegment
SUBSEG__SSI0378180,48,77883712.0,Subsegment
SUBSEG__SSI0378185,43,54167668.0,Subsegment
SUBSEG__SSI0378185,44,53837648.0,Subsegment
SUBSEG__SSI0378185,45,54525148.0,Subsegment
SUBSEG__SSI0378185,46,55234832.0,Subsegment
SUBSEG__SSI0378185,47,55234832.0,Subsegment
SUBSEG__SSI0378185,48,55234832.0,Subsegment
SUBSEG__SSI0378199,43,2483545.0,Subsegment
SUBSEG__SSI0378199,44,2849270.25,Subsegment
SUBSEG__SSI0378199,45,2906941.75,Subsegment
SUBSEG__SSI0378199,46,2499670.25,Subsegment
SUBSEG__SSI0378199,47,2307400.75,Subsegment
SUBSEG__SSI0378199,48,2300575.25,Subsegment
SUBSEG__SSI0378210,43,84431944.0,Subsegment
SUBSEG__SSI0378210,44,87044720.0,Subsegment
SUBSEG__SSI0378210,45,112841664.0,Subsegment
SUBSEG__SSI0378210,46,84935144.0,Subsegment
SUBSEG__SSI0378210,47,109343072.0,Subsegment
SUBSEG__SSI0378210,48,115552608.0,Subsegment
SUBSEG__SSI0378215,43,7642248.0,Subsegment
SUBSEG__SSI0378215,44,8822765.0,Subsegment
SUBSEG__SSI0378215,45,9180542.0,Subsegment
SUBSEG__SSI0378215,46,10851437.0,Subsegment
SUBSEG__SSI0378215,47,11222557.0,Subsegment
SUBSEG__SSI0378215,48,10879172.0,Subsegment
SUBSEG__SSI0378218,43,34646764.0,Subsegment
SUBSEG__SSI0378218,44,32189260.0,Subsegment
SUBSEG__SSI0378218,45,31420966.0,Subsegment
SUBSEG__SSI0378218,46,34649796.0,Subsegment
SUBSEG__SSI0378218,47,36005680.0,Subsegment
SUBSEG__SSI0378218,48,35450136.0,Subsegment
SUBSEG__SSI0378220,43,5824875.5,Subsegment
SUBSEG__SSI0378220,44,4815507.5,Subsegment
SUBSEG__SSI0378220,45,7056005.5,Subsegment
SUBSEG__SSI0378220,46,7393295.0,Subsegment
SUBSEG__SSI0378220,47,6444679.0,Subsegment
SUBSEG__SSI0378220,48,6554908.5,Subsegment
SUBSEG__SSI0378230,43,29123756.0,Subsegment
SUBSEG__SSI0378230,44,28808046.0,Subsegment
SUBSEG__SSI0378230,45,29423908.0,Subsegment
SUBSEG__SSI0378230,46,29619600.0,Subsegment
SUBSEG__SSI0378230,47,29314014.0,Subsegment
SUBSEG__SSI0378230,48,29362390.0,Subsegment
SUBSEG__SSI0378240,43,175952400.0,Subsegment
SUBSEG__SSI0378240,44,198524096.0,Subsegment
SUBSEG__SSI0378240,45,202181456.0,Subsegment
SUBSEG__SSI0378240,46,197450016.0,Subsegment
SUBSEG__SSI0378240,47,202181456.0,Subsegment
SUBSEG__SSI0378240,48,202181456.0,Subsegment
SUBSEG__SSI0378250,43,94313584.0,Subsegment
SUBSEG__SSI0378250,44,94705376.0,Subsegment
SUBSEG__SSI0378250,45,97041840.0,Subsegment
SUBSEG__SSI0378250,46,96855304.0,Subsegment
SUBSEG__SSI0378250,47,95449272.0,Subsegment
SUBSEG__SSI0378250,48,95599432.0,Subsegment
SUBSEG__SSI0378260,43,39950892.0,Subsegment
SUBSEG__SSI0378260,44,41957984.0,Subsegment
SUBSEG__SSI0378260,45,42504648.0,Subsegment
SUBSEG__SSI0378260,46,41957984.0,Subsegment
SUBSEG__SSI0378260,47,42585704.0,Subsegment
SUBSEG__SSI0378260,48,42585704.0,Subsegment
SUBSEG__SSI0378270,43,170768096.0,Subsegment
SUBSEG__SSI0378270,44,179220864.0,Subsegment
SUBSEG__SSI0378270,45,198050096.0,Subsegment
SUBSEG__SSI0378270,46,189974080.0,Subsegment
SUBSEG__SSI0378270,47,195979024.0,Subsegment
SUBSEG__SSI0378270,48,190905936.0,Subsegment
SUBSEG__SSI0378280,43,210398800.0,Subsegment
SUBSEG__SSI0378280,44,216593712.0,Subsegment
SUBSEG__SSI0378280,45,215056640.0,Subsegment
SUBSEG__SSI0378280,46,216593712.0,Subsegment
SUBSEG__SSI0378280,47,216593712.0,Subsegment
SUBSEG__SSI0378280,48,216593712.0,Subsegment
SUBSEG__SSI0378285,43,160346560.0,Subsegment
SUBSEG__SSI0378285,44,169549088.0,Subsegment
SUBSEG__SSI0378285,45,164757104.0,Subsegment
SUBSEG__SSI0378285,46,169843008.0,Subsegment
SUBSEG__SSI0378285,47,169843008.0,Subsegment
SUBSEG__SSI0378285,48,169843008.0,Subsegment
SUBSEG__SSI0378287,43,74822256.0,Subsegment
SUBSEG__SSI0378287,44,98668912.0,Subsegment
SUBSEG__SSI0378287,45,115100224.0,Subsegment
SUBSEG__SSI0378287,46,85902024.0,Subsegment
SUBSEG__SSI0378287,47,98091664.0,Subsegment
SUBSEG__SSI0378287,48,107914936.0,Subsegment
SUBSEG__SSI0378289,43,732052.0,Subsegment
SUBSEG__SSI0378289,44,592362.875,Subsegment
SUBSEG__SSI0378289,45,570700.375,Subsegment
SUBSEG__SSI0378289,46,518001.1875,Subsegment
SUBSEG__SSI0378289,47,521275.46875,Subsegment
SUBSEG__SSI0378289,48,683645.5625,Subsegment
SUBSEG__SSI0378290,43,12904730.0,Subsegment
SUBSEG__SSI0378290,44,16102039.0,Subsegment
SUBSEG__SSI0378290,45,15089857.0,Subsegment
SUBSEG__SSI0378290,46,16136113.0,Subsegment
SUBSEG__SSI0378290,47,16890286.0,Subsegment
SUBSEG__SSI0378290,48,16890286.0,Subsegment
SUBSEG__SSI0378299,43,362173.78125,Subsegment
SUBSEG__SSI0378299,44,552669.4375,Subsegment
SUBSEG__SSI0378299,45,-1454032.375,Subsegment
SUBSEG__SSI0378299,46,239455.40625,Subsegment
SUBSEG__SSI0378299,47,-309044.34375,Subsegment
SUBSEG__SSI0378299,48,-691557.6875,Subsegment
SUBSEG__SSI03784,43,50698440.0,Subsegment
SUBSEG__SSI03784,44,63926352.0,Subsegment
SUBSEG__SSI03784,45,71706312.0,Subsegment
SUBSEG__SSI03784,46,54056656.0,Subsegment
SUBSEG__SSI03784,47,61576192.0,Subsegment
SUBSEG__SSI03784,48,72793040.0,Subsegment
SUBSEG__SSI03799,43,4795358.5,Subsegment
SUBSEG__SSI03799,44,7197317.0,Subsegment
SUBSEG__SSI03799,45,7287789.0,Subsegment
SUBSEG__SSI03799,46,4643521.5,Subsegment
SUBSEG__SSI03799,47,5902380.0,Subsegment
SUBSEG__SSI03799,48,8035725.0,Subsegment
SUBSEG__SSI04781,43,23827156.0,Subsegment
SUBSEG__SSI04781,44,23492240.0,Subsegment
SUBSEG__SSI04781,45,22769268.0,Subsegment
SUBSEG__SSI04781,46,23084714.0,Subsegment
SUBSEG__SSI04781,47,23174070.0,Subsegment
SUBSEG__SSI04781,48,24140726.0,Subsegment
SUBSEG__SSI0478110,43,317000160.0,Subsegment
SUBSEG__SSI0478110,44,322627360.0,Subsegment
SUBSEG__SSI0478110,45,325588384.0,Subsegment
SUBSEG__SSI0478110,46,315468736.0,Subsegment
SUBSEG__SSI0478110,47,312121664.0,Subsegment
SUBSEG__SSI0478110,48,310590752.0,Subsegment
SUBSEG__SSI0478120,43,1611297.75,Subsegment
SUBSEG__SSI0478120,44,1607041.125,Subsegment
SUBSEG__SSI0478120,45,1601707.5,Subsegment
SUBSEG__SSI0478120,46,1593583.375,Subsegment
SUBSEG__SSI0478120,47,1518631.125,Subsegment
SUBSEG__SSI0478120,48,1515607.5,Subsegment
SUBSEG__SSI0478130,43,169447328.0,Subsegment
SUBSEG__SSI0478130,44,168693568.0,Subsegment
SUBSEG__SSI0478130,45,168273600.0,Subsegment
SUBSEG__SSI0478130,46,168724464.0,Subsegment
SUBSEG__SSI0478130,47,168993968.0,Subsegment
SUBSEG__SSI0478130,48,168993968.0,Subsegment
SUBSEG__SSI0478140,43,180868272.0,Subsegment
SUBSEG__SSI0478140,44,180188768.0,Subsegment
SUBSEG__SSI0478140,45,180135232.0,Subsegment
SUBSEG__SSI0478140,46,180135232.0,Subsegment
SUBSEG__SSI0478140,47,185731808.0,Subsegment
SUBSEG__SSI0478140,48,177511520.0,Subsegment
SUBSEG__SSI0478150,43,389429984.0,Subsegment
SUBSEG__SSI0478150,44,394947328.0,Subsegment
SUBSEG__SSI0478150,45,393286816.0,Subsegment
SUBSEG__SSI0478150,46,396183840.0,Subsegment
SUBSEG__SSI0478150,47,396101440.0,Subsegment
SUBSEG__SSI0478150,48,395826848.0,Subsegment
SUBSEG__SSI0478199,43,-99375.1875,Subsegment
SUBSEG__SSI0478199,44,-99375.1875,Subsegment
SUBSEG__SSI0478199,45,-156560.34375,Subsegment
SUBSEG__SSI0478199,46,-99375.1875,Subsegment
SUBSEG__SSI0478199,47,-99375.1875,Subsegment
SUBSEG__SSI0478199,48,-99375.1875,Subsegment
SUBSEG__SSI04783,43,0.0,Subsegment
SUBSEG__SSI04783,44,0.0,Subsegment
SUBSEG__SSI04783,45,0.0,Subsegment
SUBSEG__SSI04783,46,0.0,Subsegment
SUBSEG__SSI04783,47,0.0,Subsegment
SUBSEG__SSI04783,48,0.0,Subsegment
SUBSEG__SSI0478310,43,271015776.0,Subsegment
SUBSEG__SSI0478310,44,261335712.0,Subsegment
SUBSEG__SSI0478310,45,261335712.0,Subsegment
SUBSEG__SSI0478310,46,261335712.0,Subsegment
SUBSEG__SSI0478310,47,261335712.0,Subsegment
SUBSEG__SSI0478310,48,261335712.0,Subsegment
SUBSEG__SSI0478410,43,8216052.0,Subsegment
SUBSEG__SSI0478410,44,7944257.5,Subsegment
SUBSEG__SSI0478410,45,9264379.0,Subsegment
SUBSEG__SSI0478410,46,9059128.0,Subsegment
SUBSEG__SSI0478410,47,7922858.5,Subsegment
SUBSEG__SSI0478410,48,9239908.0,Subsegment
SUBSEG__SSI0478420,43,7379458.0,Subsegment
SUBSEG__SSI0478420,44,7417344.5,Subsegment
SUBSEG__SSI0478420,45,7983247.5,Subsegment
SUBSEG__SSI0478420,46,7983247.5,Subsegment
SUBSEG__SSI0478420,47,7983247.5,Subsegment
SUBSEG__SSI0478420,48,7983247.5,Subsegment
SUBSEG__SSI0478499,43,-19.306926727294922,Subsegment
SUBSEG__SSI0478499,44,-19.306926727294922,Subsegment
SUBSEG__SSI0478499,45,-19.306926727294922,Subsegment
SUBSEG__SSI0478499,46,-19.306926727294922,Subsegment
SUBSEG__SSI0478499,47,-19.306926727294922,Subsegment
SUBSEG__SSI0478499,48,-19.306926727294922,Subsegment
SUBSEG__SSI04799,43,3403580.5,Subsegment
SUBSEG__SSI04799,44,3494529.75,Subsegment
SUBSEG__SSI04799,45,4454182.5,Subsegment
SUBSEG__SSI04799,46,3491531.25,Subsegment
SUBSEG__SSI04799,47,3528421.5,Subsegment
SUBSEG__SSI04799,48,4736271.0,Subsegment
SUBSEG__SSI0708110,43,6894739.0,Subsegment
SUBSEG__SSI0708110,44,7116450.0,Subsegment
SUBSEG__SSI0708110,45,9838768.0,Subsegment
SUBSEG__SSI0708110,46,6513395.5,Subsegment
SUBSEG__SSI0708110,47,6961161.0,Subsegment
SUBSEG__SSI0708110,48,8744094.0,Subsegment
SUBSEG__SSI0708120,43,9746420.0,Subsegment
SUBSEG__SSI0708120,44,18170590.0,Subsegment
SUBSEG__SSI0708120,45,22945602.0,Subsegment
SUBSEG__SSI0708120,46,11649864.0,Subsegment
SUBSEG__SSI0708120,47,21437242.0,Subsegment
SUBSEG__SSI0708120,48,21197946.0,Subsegment
SUBSEG__SSI0708140,43,12489656.0,Subsegment
SUBSEG__SSI0708140,44,13992469.0,Subsegment
SUBSEG__SSI0708140,45,15514582.0,Subsegment
SUBSEG__SSI0708140,46,12469757.0,Subsegment
SUBSEG__SSI0708140,47,14031063.0,Subsegment
SUBSEG__SSI0708140,48,16021215.0,Subsegment
SUBSEG__SSI0708150,43,67909.3203125,Subsegment
SUBSEG__SSI0708150,44,67909.3203125,Subsegment
SUBSEG__SSI0708150,45,67909.3203125,Subsegment
SUBSEG__SSI0708150,46,67909.3203125,Subsegment
SUBSEG__SSI0708150,47,67909.3203125,Subsegment
SUBSEG__SSI0708150,48,67909.3203125,Subsegment
SUBSEG__SSI0708160,43,1801391.125,Subsegment
SUBSEG__SSI0708160,44,2355565.75,Subsegment
SUBSEG__SSI0708160,45,2432075.25,Subsegment
SUBSEG__SSI0708160,46,2215069.75,Subsegment
SUBSEG__SSI0708160,47,2423920.25,Subsegment
SUBSEG__SSI0708160,48,2414505.0,Subsegment
SUBSEG__SSI0708170,43,234654.859375,Subsegment
SUBSEG__SSI0708170,44,352690.5,Subsegment
SUBSEG__SSI0708170,45,771032.8125,Subsegment
SUBSEG__SSI0708170,46,351221.53125,Subsegment
SUBSEG__SSI0708170,47,352690.5,Subsegment
SUBSEG__SSI0708170,48,771032.8125,Subsegment
SUBSEG__SSI0708199,43,21379.8203125,Subsegment
SUBSEG__SSI0708199,44,21379.8203125,Subsegment
SUBSEG__SSI0708199,45,311172.9375,Subsegment
SUBSEG__SSI0708199,46,159823.625,Subsegment
SUBSEG__SSI0708199,47,163050.203125,Subsegment
SUBSEG__SSI0708199,48,240018.421875,Subsegment
SUBSEG__SSI0708210,43,17050178.0,Subsegment
SUBSEG__SSI0708210,44,19453180.0,Subsegment
SUBSEG__SSI0708210,45,32949200.0,Subsegment
SUBSEG__SSI0708210,46,18244050.0,Subsegment
SUBSEG__SSI0708210,47,27693436.0,Subsegment
SUBSEG__SSI0708210,48,29797376.0,Subsegment
SUBSEG__SSI0708220,43,17218814.0,Subsegment
SUBSEG__SSI0708220,44,17875168.0,Subsegment
SUBSEG__SSI0708220,45,27697170.0,Subsegment
SUBSEG__SSI0708220,46,18865362.0,Subsegment
SUBSEG__SSI0708220,47,17734216.0,Subsegment
SUBSEG__SSI0708220,48,26508786.0,Subsegment
SUBSEG__SSI0708230,43,4005347.25,Subsegment
SUBSEG__SSI0708230,44,3232369.25,Subsegment
SUBSEG__SSI0708230,45,5253884.5,Subsegment
SUBSEG__SSI0708230,46,4116109.5,Subsegment
SUBSEG__SSI0708230,47,4123845.25,Subsegment
SUBSEG__SSI0708230,48,5253884.5,Subsegment
SUBSEG__SSI0708310,43,8036382.5,Subsegment
SUBSEG__SSI0708310,44,8011576.0,Subsegment
SUBSEG__SSI0708310,45,8230807.0,Subsegment
SUBSEG__SSI0708310,46,8230807.0,Subsegment
SUBSEG__SSI0708310,47,8230807.0,Subsegment
SUBSEG__SSI0708310,48,8230807.0,Subsegment
SUBSEG__SSI07099,43,703.4243774414062,Subsegment
SUBSEG__SSI07099,44,703.4243774414062,Subsegment
SUBSEG__SSI07099,45,703.4243774414062,Subsegment
SUBSEG__SSI07099,46,703.4243774414062,Subsegment
SUBSEG__SSI07099,47,703.4243774414062,Subsegment
SUBSEG__SSI07099,48,703.4243774414062,Subsegment
SEG__SSI027__SSI02710,43,1085245.0589253223,Segment
SEG__SSI027__SSI02710,44,1085245.0589253223,Segment
SEG__SSI027__SSI02710,45,1085245.0589253223,Segment
SEG__SSI027__SSI02710,46,1085245.0589253223,Segment
SEG__SSI027__SSI02710,47,1085245.0589253223,Segment
SEG__SSI027__SSI02710,48,1085245.0589253223,Segment
SEG__SSI027__SSI02780,43,350374346.52555186,Segment
SEG__SSI027__SSI02780,44,350374346.52555186,Segment
SEG__SSI027__SSI02780,45,342280279.2901054,Segment
SEG__SSI027__SSI02780,46,350374346.52555186,Segment
SEG__SSI027__SSI02780,47,350374346.52555186,Segment
SEG__SSI027__SSI02780,48,350374346.52555186,Segment
SEG__SSI027__SSI02782,43,339099496.83043313,Segment
SEG__SSI027__SSI02782,44,353184520.4477835,Segment
SEG__SSI027__SSI02782,45,415287135.6925858,Segment
SEG__SSI027__SSI02782,46,357792691.9489695,Segment
SEG__SSI027__SSI02782,47,371117432.54385537,Segment
SEG__SSI027__SSI02782,48,415287135.6925858,Segment
SEG__SSI027__SSI02784,43,446880104.3818438,Segment
SEG__SSI027__SSI02784,44,500894022.9457412,Segment
SEG__SSI027__SSI02784,45,510774646.4431728,Segment
SEG__SSI027__SSI02784,46,500853837.32105625,Segment
SEG__SSI027__SSI02784,47,510774646.4431728,Segment
SEG__SSI027__SSI02784,48,510774646.4431728,Segment
SEG__SSI027__SSI02786,43,63213718.74725214,Segment
SEG__SSI027__SSI02786,44,67502514.58184488,Segment
SEG__SSI027__SSI02786,45,95722441.59850207,Segment
SEG__SSI027__SSI02786,46,70435114.63329652,Segment
SEG__SSI027__SSI02786,47,71190777.83489129,Segment
SEG__SSI027__SSI02786,48,95722441.59850207,Segment
SEG__SSI027__SSI02792,43,-2.8229216497254424,Segment
SEG__SSI027__SSI02792,44,-2.8229216497254424,Segment
SEG__SSI027__SSI02792,45,-2.8229216497254424,Segment
SEG__SSI027__SSI02792,46,-2.8229216497254424,Segment
SEG__SSI027__SSI02792,47,-2.8229216497254424,Segment
SEG__SSI027__SSI02792,48,-2.8229216497254424,Segment
SEG__SSI027__SSI02793,43,15542.93765004453,Segment
SEG__SSI027__SSI02793,44,15542.93765004453,Segment
SEG__SSI027__SSI02793,45,15542.93765004453,Segment
SEG__SSI027__SSI02793,46,15542.93765004453,Segment
SEG__SSI027__SSI02793,47,15542.93765004453,Segment
SEG__SSI027__SSI02793,48,15542.93765004453,Segment
SEG__SSI027__SSI02799,43,3123.2727272727275,Segment
SEG__SSI027__SSI02799,44,3123.2727272727275,Segment
SEG__SSI027__SSI02799,45,3123.2727272727275,Segment
SEG__SSI027__SSI02799,46,3123.2727272727275,Segment
SEG__SSI027__SSI02799,47,3123.2727272727275,Segment
SEG__SSI027__SSI02799,48,3123.2727272727275,Segment
SEG__SSI037__SSI03781,43,352333860.859146,Segment
SEG__SSI037__SSI03781,44,352333860.859146,Segment
SEG__SSI037__SSI03781,45,352333860.859146,Segment
SEG__SSI037__SSI03781,46,352333860.859146,Segment
SEG__SSI037__SSI03781,47,352333860.859146,Segment
SEG__SSI037__SSI03781,48,352333860.859146,Segment
SEG__SSI037__SSI03782,43,1060286182.8665282,Segment
SEG__SSI037__SSI03782,44,1164311355.0568676,Segment
SEG__SSI037__SSI03782,45,1164311355.0568676,Segment
SEG__SSI037__SSI03782,46,1164311355.0568676,Segment
SEG__SSI037__SSI03782,47,1164311355.0568676,Segment
SEG__SSI037__SSI03782,48,1164311355.0568676,Segment
SEG__SSI037__SSI03784,43,55335758.48799802,Segment
SEG__SSI037__SSI03784,44,68470085.55955052,Segment
SEG__SSI037__SSI03784,45,68470085.55955052,Segment
SEG__SSI037__SSI03784,46,63349245.38295801,Segment
SEG__SSI037__SSI03784,47,63349245.38295801,Segment
SEG__SSI037__SSI03784,48,68470085.55955052,Segment
SEG__SSI037__SSI03799,43,4149689.21269614,Segment
SEG__SSI037__SSI03799,44,6834955.294420281,Segment
SEG__SSI037__SSI03799,45,7130009.149150423,Segment
SEG__SSI037__SSI03799,46,5611905.614100173,Segment
SEG__SSI037__SSI03799,47,6844677.471968464,Segment
SEG__SSI037__SSI03799,48,7130009.149150423,Segment
SEG__SSI047__SSI04781,43,1032508470.1202197,Segment
SEG__SSI047__SSI04781,44,1047211124.8325582,Segment
SEG__SSI047__SSI04781,45,1047211124.8325582,Segment
SEG__SSI047__SSI04781,46,1059748419.0523579,Segment
SEG__SSI047__SSI04781,47,1054215308.4646491,Segment
SEG__SSI047__SSI04781,48,1047670123.7318037,Segment
SEG__SSI047__SSI04783,43,249218119.91871765,Segment
SEG__SSI047__SSI04783,44,249218119.91871765,Segment
SEG__SSI047__SSI04783,45,249218119.91871765,Segment
SEG__SSI047__SSI04783,46,249218119.91871765,Segment
SEG__SSI047__SSI04783,47,249218119.91871765,Segment
SEG__SSI047__SSI04783,48,249218119.91871765,Segment
SEG__SSI047__SSI04784,43,15762798.070051754,Segment
SEG__SSI047__SSI04784,44,15762798.070051754,Segment
SEG__SSI047__SSI04784,45,15762798.070051754,Segment
SEG__SSI047__SSI04784,46,15762798.070051754,Segment
SEG__SSI047__SSI04784,47,15762798.070051754,Segment
SEG__SSI047__SSI04784,48,15762798.070051754,Segment
SEG__SSI047__SSI04799,43,4133208.2306267875,Segment
SEG__SSI047__SSI04799,44,4133208.2306267875,Segment
SEG__SSI047__SSI04799,45,4345229.1131399935,Segment
SEG__SSI047__SSI04799,46,4345229.1131399935,Segment
SEG__SSI047__SSI04799,47,4345229.1131399935,Segment
SEG__SSI047__SSI04799,48,4345229.1131399935,Segment
SEG__SSI070__SSI07081,43,30480796.942855153,Segment
SEG__SSI070__SSI07081,44,43830736.855829746,Segment
SEG__SSI070__SSI07081,45,56344012.71540483,Segment
SEG__SSI070__SSI07081,46,32651771.502231847,Segment
SEG__SSI070__SSI07081,47,56645182.885668114,Segment
SEG__SSI070__SSI07081,48,56344012.71540483,Segment
SEG__SSI070__SSI07082,43,37621267.512168616,Segment
SEG__SSI070__SSI07082,44,37621267.512168616,Segment
SEG__SSI070__SSI07082,45,54732922.75313909,Segment
SEG__SSI070__SSI07082,46,44670110.40477848,Segment
SEG__SSI070__SSI07082,47,44670110.40477848,Segment
SEG__SSI070__SSI07082,48,54732922.75313909,Segment
SEG__SSI070__SSI07083,43,8074215.433461993,Segment
SEG__SSI070__SSI07083,44,8074215.433461993,Segment
SEG__SSI070__SSI07083,45,8074215.433461993,Segment
SEG__SSI070__SSI07083,46,8074215.433461993,Segment
SEG__SSI070__SSI07083,47,8074215.433461993,Segment
SEG__SSI070__SSI07083,48,8074215.433461993,Segment
SEG__SSI070__SSI07099,43,-6098.379750395664,Segment
SEG__SSI070__SSI07099,44,-6098.379750395664,Segment
SEG__SSI070__SSI07099,45,-6098.379750395664,Segment
SEG__SSI070__SSI07099,46,-6098.379750395664,Segment
SEG__SSI070__SSI07099,47,-6098.379750395664,Segment
SEG__SSI070__SSI07099,48,-6098.379750395664,Segment
BU__SSI027,43,1112525245.585011,BU
BU__SSI027,44,1251821593.167724,BU
BU__SSI027,45,1324105984.6248114,BU
BU__SSI027,46,1239884189.9894266,BU
BU__SSI027,47,1324105984.6248114,BU
BU__SSI027,48,1324105984.6248114,BU
BU__SSI037,43,1428052046.2516577,BU
BU__SSI037,44,1638890820.5434592,BU
BU__SSI037,45,1638890820.5434592,BU
BU__SSI037,46,1638890820.5434592,BU
BU__SSI037,47,1638890820.5434592,BU
BU__SSI037,48,1638890820.5434592,BU
BU__SSI047,43,1365671458.0824795,BU
BU__SSI047,44,1358842090.978535,BU
BU__SSI047,45,1312063318.3120093,BU
BU__SSI047,46,1365671458.0824795,BU
BU__SSI047,47,1365671458.0824795,BU
BU__SSI047,48,1365671458.0824795,BU
BU__SSI070,43,80770413.25541316,BU
BU__SSI070,44,73562811.63279444,BU
BU__SSI070,45,143342370.1495186,BU
BU__SSI070,46,99402212.15827005,BU
BU__SSI070,47,78076955.54317473,BU
BU__SSI070,48,143342370.1495186,BU
